<?xml version="1.0" encoding="utf-8" standalone="yes" ?>
<rss version="2.0" xmlns:atom="http://www.w3.org/2005/Atom">
  <channel>
    <title>Yuan Yu | Decision Modeling Lab</title>
    <link>http://mchi.mcgill.ca/decision-modeling-lab/author/yuan-yu/</link>
      <atom:link href="http://mchi.mcgill.ca/decision-modeling-lab/author/yuan-yu/index.xml" rel="self" type="application/rss+xml" />
    <description>Yuan Yu</description>
    <generator>Wowchemy (https://wowchemy.com)</generator><language>en-us</language><copyright>© 2022 by W. Alton Russell, PhD</copyright>
    <image>
      <url>http://mchi.mcgill.ca/decision-modeling-lab/author/yuan-yu/avatar_hu5943e2439ed7b974d77bc63c4f8c492c_1202101_270x270_fill_q75_lanczos_center.jpg</url>
      <title>Yuan Yu</title>
      <link>http://mchi.mcgill.ca/decision-modeling-lab/author/yuan-yu/</link>
    </image>
    
  </channel>
</rss>
