<?xml version="1.0" encoding="utf-8" standalone="yes" ?>
<rss version="2.0" xmlns:atom="http://www.w3.org/2005/Atom">
  <channel>
    <title>EPIB 676 Advanced Topics in Decision-Analytic Modeling for Health | Decision Modeling Lab</title>
    <link>http://mchi.mcgill.ca/decision-modeling-lab/teaching/advanced-decision-analytic-modeling/</link>
      <atom:link href="http://mchi.mcgill.ca/decision-modeling-lab/teaching/advanced-decision-analytic-modeling/index.xml" rel="self" type="application/rss+xml" />
    <description>EPIB 676 Advanced Topics in Decision-Analytic Modeling for Health</description>
    <generator>Wowchemy (https://wowchemy.com)</generator><language>en-us</language><copyright>© 2022 by W. Alton Russell, PhD</copyright><lastBuildDate>Sun, 24 Jan 2021 00:00:00 +0000</lastBuildDate>
    <image>
      <url>http://mchi.mcgill.ca/decision-modeling-lab/teaching/advanced-decision-analytic-modeling/featured.jpg</url>
      <title>EPIB 676 Advanced Topics in Decision-Analytic Modeling for Health</title>
      <link>http://mchi.mcgill.ca/decision-modeling-lab/teaching/advanced-decision-analytic-modeling/</link>
    </image>
    
  </channel>
</rss>
