<?xml version="1.0" encoding="utf-8" standalone="yes" ?>
<rss version="2.0" xmlns:atom="http://www.w3.org/2005/Atom">
  <channel>
    <title>David L. Buckeridge | Decision Modeling Lab</title>
    <link>http://mchi.mcgill.ca/decision-modeling-lab/author/david-l.-buckeridge/</link>
      <atom:link href="http://mchi.mcgill.ca/decision-modeling-lab/author/david-l.-buckeridge/index.xml" rel="self" type="application/rss+xml" />
    <description>David L. Buckeridge</description>
    <generator>Wowchemy (https://wowchemy.com)</generator><language>en-us</language><copyright>© 2022 by W. Alton Russell, PhD</copyright><lastBuildDate>Sun, 01 Nov 2020 00:00:00 +0000</lastBuildDate>
    <image>
      <url>http://mchi.mcgill.ca/decision-modeling-lab/media/icon_hu0efe56008ffd6c9df4c782497badffad_45333_512x512_fill_lanczos_center_3.png</url>
      <title>David L. Buckeridge</title>
      <link>http://mchi.mcgill.ca/decision-modeling-lab/author/david-l.-buckeridge/</link>
    </image>
    
    <item>
      <title>Effectiveness of quarantine and testing to prevent COVID-19 transmission from arriving travelers</title>
      <link>http://mchi.mcgill.ca/decision-modeling-lab/publication/russell-2020-d/</link>
      <pubDate>Sun, 01 Nov 2020 00:00:00 +0000</pubDate>
      <guid>http://mchi.mcgill.ca/decision-modeling-lab/publication/russell-2020-d/</guid>
      <description></description>
    </item>
    
  </channel>
</rss>
