<?xml version="1.0" encoding="utf-8" standalone="yes" ?>
<rss version="2.0" xmlns:atom="http://www.w3.org/2005/Atom">
  <channel>
    <title>W. Alton Russell, PhD | Decision Modeling Lab</title>
    <link>http://mchi.mcgill.ca/decision-modeling-lab/author/w.-alton-russell-phd/</link>
      <atom:link href="http://mchi.mcgill.ca/decision-modeling-lab/author/w.-alton-russell-phd/index.xml" rel="self" type="application/rss+xml" />
    <description>W. Alton Russell, PhD</description>
    <generator>Wowchemy (https://wowchemy.com)</generator><language>en-us</language><copyright>© 2022 by W. Alton Russell, PhD</copyright>
    <image>
      <url>http://mchi.mcgill.ca/decision-modeling-lab/author/w.-alton-russell-phd/avatar_hue93f68eec0d9b39a9126bc78ec114f26_1281926_270x270_fill_q75_lanczos_center.jpg</url>
      <title>W. Alton Russell, PhD</title>
      <link>http://mchi.mcgill.ca/decision-modeling-lab/author/w.-alton-russell-phd/</link>
    </image>
    
  </channel>
</rss>
