[{"authors":null,"categories":null,"content":"I graduated with BS of Statistics from Sichuan University and then I obtained MS in Applied Statistics in 2014, PhD in Statistics in 2019 from Worcester Polytechnic institute (WPI). After that I joined a healthcare company for prototyping and developing predictive model for decision support utilizing different data resources. My research involves specifically on Bayesian survey methodology, small area estimation and survey sampling. My expertise is in Bayesian hierarchical modeling and I am also interest in Bayesian methods in a broad field of applications.\n","date":-62135596800,"expirydate":-62135596800,"kind":"term","lang":"en","lastmod":-62135596800,"objectID":"f547382863e4fc132bdaa9fe23db358a","permalink":"http://mchi.mcgill.ca/decision-modeling-lab/author/yuan-yu/","publishdate":"0001-01-01T00:00:00Z","relpermalink":"/decision-modeling-lab/author/yuan-yu/","section":"authors","summary":"I graduated with BS of Statistics from Sichuan University and then I obtained MS in Applied Statistics in 2014, PhD in Statistics in 2019 from Worcester Polytechnic institute (WPI). After that I joined a healthcare company for prototyping and developing predictive model for decision support utilizing different data resources.","tags":null,"title":"Yuan Yu","type":"authors"},{"authors":null,"categories":null,"content":"I’m a PhD student in the Quantitative Life Sciences program at McGill. Previously, I completed my MSc (Computer Science, 2022) and BSc (joint majoring in Biology and Computer Science, 2020) both at McGill.\nMy project involves managing iron-related risks for repeated blood donors in order to enable data-driven policies to be made for each individual.\nOutside of the lab and during my free time, I enjoy working out, trying new food, and dancing.\n","date":-62135596800,"expirydate":-62135596800,"kind":"term","lang":"en","lastmod":-62135596800,"objectID":"e394e101b5df95ac791e30f6b2d14583","permalink":"http://mchi.mcgill.ca/decision-modeling-lab/author/chen-yang-su/","publishdate":"0001-01-01T00:00:00Z","relpermalink":"/decision-modeling-lab/author/chen-yang-su/","section":"authors","summary":"I’m a PhD student in the Quantitative Life Sciences program at McGill. Previously, I completed my MSc (Computer Science, 2022) and BSc (joint majoring in Biology and Computer Science, 2020) both at McGill.","tags":null,"title":"Chen-Yang Su","type":"authors"},{"authors":null,"categories":null,"content":"I am a MSc Epidemiology student at McGill University, where I completed my undergraduate studies in Honours Economics with a minor in Computer Science. My work involves assessing the viability and characterising the performance of fully and semi-tailored minimum inter-donation intervals policies for blood donors using operational data. I am interested in inter-disciplinary problem solving, the impact of health and social policies, and the applications of data science and machine learning in health and economic research.\n","date":-62135596800,"expirydate":-62135596800,"kind":"term","lang":"en","lastmod":-62135596800,"objectID":"8b58085a3044fa99929192c2603ce9b2","permalink":"http://mchi.mcgill.ca/decision-modeling-lab/author/huzbah-jagirdar/","publishdate":"0001-01-01T00:00:00Z","relpermalink":"/decision-modeling-lab/author/huzbah-jagirdar/","section":"authors","summary":"I am a MSc Epidemiology student at McGill University, where I completed my undergraduate studies in Honours Economics with a minor in Computer Science. My work involves assessing the viability and characterising the performance of fully and semi-tailored minimum inter-donation intervals policies for blood donors using operational data.","tags":null,"title":"Huzbah Jagirdar","type":"authors"},{"authors":null,"categories":null,"content":"Alton joined the McGill School of Population and Global Health as an Assistant Professor in 2022. As a researcher, Alton has developed decision analytic models and data-driven analyses for multiple areas of health policy and clinical practice, including blood donation and transfusion, managing pediatric kidney disease, opioid use disorder and overdose, and gastroenterology. Alton is also:\n Associated investigator, Research Institute of the McGill University Health Centre (RI-MUHC) Researcher, McGill Quantitative Life Sciences program Scientific advisor, COVID-19 Immunity Task Force Member, Group for Research in Decision Analysis (GERAD)  You can view his CV here.\n","date":-62135596800,"expirydate":-62135596800,"kind":"term","lang":"en","lastmod":-62135596800,"objectID":"2525497d367e79493fd32b198b28f040","permalink":"http://mchi.mcgill.ca/decision-modeling-lab/author/w.-alton-russell-phd/","publishdate":"0001-01-01T00:00:00Z","relpermalink":"/decision-modeling-lab/author/w.-alton-russell-phd/","section":"authors","summary":"Alton joined the McGill School of Population and Global Health as an Assistant Professor in 2022. As a researcher, Alton has developed decision analytic models and data-driven analyses for multiple areas of health policy and clinical practice, including blood donation and transfusion, managing pediatric kidney disease, opioid use disorder and overdose, and gastroenterology.","tags":null,"title":"W. Alton Russell, PhD","type":"authors"},{"authors":null,"categories":null,"content":"I am a MScPH student at McGill University and completed my undergraduate study at Western University with an honour specialization in Epidemiology and Biostatistics. For my practicum project in summer 2022, I am assessing the impact of the Opal patient portal on operational outcomes at the Cedars Cancer Center. I am passionate about performing quantitative analyses to solve real-world problems in the healthcare field and exploring the intersection of computer science, data science, and public health.\n","date":-62135596800,"expirydate":-62135596800,"kind":"term","lang":"en","lastmod":-62135596800,"objectID":"808ea7d736bcf8c4b0603fef1ac115ae","permalink":"http://mchi.mcgill.ca/decision-modeling-lab/author/wanjin-jennifer-li/","publishdate":"0001-01-01T00:00:00Z","relpermalink":"/decision-modeling-lab/author/wanjin-jennifer-li/","section":"authors","summary":"I am a MScPH student at McGill University and completed my undergraduate study at Western University with an honour specialization in Epidemiology and Biostatistics. For my practicum project in summer 2022, I am assessing the impact of the Opal patient portal on operational outcomes at the Cedars Cancer Center.","tags":null,"title":"Wanjin (Jennifer) Li","type":"authors"},{"authors":null,"categories":null,"content":"I am an undergraduate student at McGill University, majoring in statistics and minoring in finance. I am passionate about using data analysis to solve real-world problems and interested in interdisciplinary studying in data science,finance, and public health .\n","date":-62135596800,"expirydate":-62135596800,"kind":"term","lang":"en","lastmod":-62135596800,"objectID":"57c08181d74c813914758101719e219c","permalink":"http://mchi.mcgill.ca/decision-modeling-lab/author/yangyuru-catherine-liu/","publishdate":"0001-01-01T00:00:00Z","relpermalink":"/decision-modeling-lab/author/yangyuru-catherine-liu/","section":"authors","summary":"I am an undergraduate student at McGill University, majoring in statistics and minoring in finance. I am passionate about using data analysis to solve real-world problems and interested in interdisciplinary studying in data science,finance, and public health .","tags":null,"title":"Yangyuru (Catherine) Liu","type":"authors"},{"authors":null,"categories":null,"content":"Taro is a good girl.\n","date":-62135596800,"expirydate":-62135596800,"kind":"term","lang":"en","lastmod":-62135596800,"objectID":"c2822fb1538bf71e4348c2e5e4500e37","permalink":"http://mchi.mcgill.ca/decision-modeling-lab/author/taro/","publishdate":"0001-01-01T00:00:00Z","relpermalink":"/decision-modeling-lab/author/taro/","section":"authors","summary":"Taro is a good girl.","tags":null,"title":"Taro","type":"authors"},{"authors":null,"categories":null,"content":"Table of Contents  Course description Instructor Course materials    Course description Advanced methods used to model health policy decisions and conduct model-based health technology assessment, both theory and technical applications. Methods covered include: Markov and microsimulation models, optimization, Bayesian model calibration and evaluation, probabilistic sensitivity analyses, and value of information analysis. Application areas include: disease screening, prevention, and treatment, prioritization of clinical research, and policies to avert drug overdose deaths.\nPrerequisites: a course in probability, a course in statistics or biostatistics, a course on cost-effectiveness such as PPHS 528, and some programming experience (we will use R). Target audience: The course is targeted towards PhD students and advanced Masters students interested in conducting model-based analyses of health policies and health technologies in research\nComing in Winter 2023\nInstructor W. Alton Russell, PhD Course materials The course is still under development, but you can view the most up-to-date materials on Github at https://github.com/altonrus/epib-676\n","date":1611446400,"expirydate":-62135596800,"kind":"section","lang":"en","lastmod":1611446400,"objectID":"b5ae46603f934cda92c0baf3a5f24ca5","permalink":"http://mchi.mcgill.ca/decision-modeling-lab/teaching/advanced-decision-analytic-modeling/","publishdate":"2021-01-24T00:00:00Z","relpermalink":"/decision-modeling-lab/teaching/advanced-decision-analytic-modeling/","section":"teaching","summary":"Advanced methods used to model health policy decisions and conduct model-based health technology assessment, both theory and technical applications. **Next offered Winter 2023**","tags":null,"title":"EPIB 676 Advanced Topics in Decision-Analytic Modeling for Health","type":"book"},{"authors":null,"categories":null,"content":"Table of Contents  Course description Instructor Course materials    Course description Concepts and methods used to carry out economic evaluations of health programs and interventions, including public health interventions, pharmaceuticals, and other health care interventions. Includes topics such as calculation of unit costs, measurement of quality-adjusted life years (QALYs) and assessment of uncertainty in cost-effectiveness analysis.\nInstructor W. Alton Russell, PhD Course materials Coming soon\n","date":1611446400,"expirydate":-62135596800,"kind":"section","lang":"en","lastmod":1611446400,"objectID":"643d58504360f60d5ecbadb8b3735042","permalink":"http://mchi.mcgill.ca/decision-modeling-lab/teaching/econ-eval-health-programs/","publishdate":"2021-01-24T00:00:00Z","relpermalink":"/decision-modeling-lab/teaching/econ-eval-health-programs/","section":"teaching","summary":"Concepts and methods used to carry out economic evaluations of health programs and interventions, including public health interventions, pharmaceuticals, and other health care interventions. **Next offered Fall 2022.**","tags":null,"title":"PPHS 528 Economic Evaluation of Health Programs","type":"book"},{"authors":[],"categories":null,"content":" Click on the Slides button above to view the built-in slides feature.   Slides can be added in a few ways:\n Create slides using Wowchemy’s Slides feature and link using slides parameter in the front matter of the talk file Upload an existing slide deck to static/ and link using url_slides parameter in the front matter of the talk file Embed your slides (e.g. Google Slides) or presentation video on this page using shortcodes.  Further event details, including page elements such as image galleries, can be added to the body of this page.\n","date":1906549200,"expirydate":-62135596800,"kind":"page","lang":"en","lastmod":1906549200,"objectID":"a8edef490afe42206247b6ac05657af0","permalink":"http://mchi.mcgill.ca/decision-modeling-lab/talk/example-talk/","publishdate":"2017-01-01T00:00:00Z","relpermalink":"/decision-modeling-lab/talk/example-talk/","section":"event","summary":"An example talk using Wowchemy's Markdown slides feature.","tags":[],"title":"Example Talk","type":"event"},{"authors":["W. Alton Russell","Brian Custer","David Scheinker"],"categories":null,"content":"","date":1640995200,"expirydate":-62135596800,"kind":"page","lang":"en","lastmod":1640995200,"objectID":"1f7fd0cfecfceba144ee501652a2e403","permalink":"http://mchi.mcgill.ca/decision-modeling-lab/publication/russell-2022/","publishdate":"2022-04-02T00:36:49.567598Z","relpermalink":"/decision-modeling-lab/publication/russell-2022/","section":"publication","summary":"","tags":null,"title":"Individualized risk trajectories for iron-related adverse outcomes in repeat blood donors","type":"publication"},{"authors":["W. Alton Russell","Brian Custer","Margaret L. Brandeau"],"categories":null,"content":"","date":1614556800,"expirydate":-62135596800,"kind":"page","lang":"en","lastmod":1614556800,"objectID":"69e15a47f7670e04337ee99c17876b52","permalink":"http://mchi.mcgill.ca/decision-modeling-lab/publication/russell-2021-e/","publishdate":"2022-04-02T00:36:49.589539Z","relpermalink":"/decision-modeling-lab/publication/russell-2021-e/","section":"publication","summary":"A safe supply of blood for transfusion is a critical component of the healthcare system in all countries. Most health systems manage the risk of transfusion-transmissible infections (TTIs) through a portfolio of blood safety interventions. These portfolios must be updated periodically to reflect shifting epidemiological conditions, emerging infectious diseases, and new technologies. However, the number of available blood safety portfolios grows exponentially with the number of available interventions, making it impossible for policymakers to evaluate all feasible portfolios without the assistance of a computer model. We develop a novel optimization model for evaluating blood safety portfolios that enables systematic comparison of all feasible portfolios of deferral, testing, and modification interventions to identify the portfolio that is preferred from a cost-utility perspective. We present structural properties that reduce the state space and required computation time in certain cases, and we develop a linear approximation of the model. We apply the model to retrospectively evaluate U.S. blood safety policies for Zika and West Nile virus for the years 2017, 2018, and 2019, defining donor groups based on season and geography. We leverage structural properties to efficiently find an optimal solution. We find that the optimal portfolio varies geographically, seasonally, and over time. Additionally, we show that for this problem the approximated model yields the same optimal solution as the exact model. Our method enables systematic identification of the optimal blood safety portfolio in any setting and any time period, thereby supporting decision makers in efforts to ensure the safety of the blood supply.","tags":["Binary integer programming","Blood safety","Cost-effectiveness","Public health policy"],"title":"Optimal portfolios of blood safety interventions: test, defer or modify?","type":"publication"},{"authors":["W. Alton Russell","Eduard Grebe","Brian Custer"],"categories":null,"content":"","date":1612137600,"expirydate":-62135596800,"kind":"page","lang":"en","lastmod":1612137600,"objectID":"86d75281e5f628f371b13abf15205201","permalink":"http://mchi.mcgill.ca/decision-modeling-lab/publication/russell-2021-c/","publishdate":"2022-04-02T00:36:49.532174Z","relpermalink":"/decision-modeling-lab/publication/russell-2021-c/","section":"publication","summary":"","tags":null,"title":"Factors driving availability of COVID‐19 convalescent plasma: Insights from a demand, production, and supply model","type":"publication"},{"authors":["W. Alton Russell","Shirley Owusu-Ofori","Alex K. Owusu-Ofori","Eileen Micah","Betty Norman","Brian S. Custer"],"categories":null,"content":"","date":1609459200,"expirydate":-62135596800,"kind":"page","lang":"en","lastmod":1609459200,"objectID":"9b1dc7ab62755ec8d8e1a44f67786e4d","permalink":"http://mchi.mcgill.ca/decision-modeling-lab/publication/russell-2021-h/","publishdate":"2022-04-02T00:36:49.577577Z","relpermalink":"/decision-modeling-lab/publication/russell-2021-h/","section":"publication","summary":"Background: Despite the promise of pathogen reduction for reducing transfusion-associated adverse events in sub-Saharan Africa, no health-economic assessment is publicly available. Study Design and Methods: We developed a mathematical risk reduction model to estimate the impact of nationwide whole blood pathogen reduction in Ghana on the incidence of six infectious and one non-infectious transfusion-associated adverse events. We estimated the lifetime direct healthcare costs and disability-adjusted life years lost for each adverse event. For HIV, HCV, and HBV, we simulated disease progression using Markov models, accounting for the likelihood and timing of clinical detection and treatment. We performed probabilistic and univariate sensitivity analysis. Results: Adding whole blood pathogen reduction to Ghana's blood safety portfolio would avert an estimated 19,898 (11,948-27,353) adverse events and 38,491 (16,444-67,118) disability-adjusted life years annually, primarily by averting sepsis (49%) and malaria (31%) infections. One year of pathogen reduction would cost an estimated $8,037,191 ($6,381,946-$9,880,760) and eliminate $8,656,389 ($4,462,614-$13,469,448) in direct healthcare spending on transfusion-associated adverse events. We estimate a 58% probability that the addition of pathogen reduction would reduce overall direct healthcare spending. Findings were most sensitive to uncertainty in the probability that a bacterially contaminated blood donation causes sepsis. Conclusion: Whole blood pathogen reduction would substantially reduce the burden of known transfusion-associated adverse events in Ghana and may reduce overall healthcare spending. Additional benefits not captured by this analysis may include averting secondary transmission of infectious diseases, reducing non-medical costs, and averting new or re-emerging transfusion-transmitted infections.","tags":["FNHTR","HBV","HCV","HIV","WBPR","antiviral therapy","blood safety","cost-utility","febrile non-hemolytic transfusion reaction","hepatitis B","hepatitis C","human immunodeficiency virus","pathogen reduction","sub-Saharan Africa Abbreviations: AVT","whole blood pathogen reduction"],"title":"Cost-effectiveness and budget impact of whole blood pathogen reduction in Ghana","type":"publication"},{"authors":["W. Alton Russell"],"categories":null,"content":"","date":1609459200,"expirydate":-62135596800,"kind":"page","lang":"en","lastmod":1609459200,"objectID":"89d0b25e225db61132e7c667e28d5b0d","permalink":"http://mchi.mcgill.ca/decision-modeling-lab/publication/russell-2021-b/","publishdate":"2022-04-02T00:36:49.545656Z","relpermalink":"/decision-modeling-lab/publication/russell-2021-b/","section":"publication","summary":"","tags":null,"title":"Estimating the effect of discontinuing universal screening of donated blood for Zika virus in the 50 U.S. states","type":"publication"},{"authors":["W. Alton Russell","David L. Buckeridge"],"categories":null,"content":"","date":1604188800,"expirydate":-62135596800,"kind":"page","lang":"en","lastmod":1604188800,"objectID":"24a700e1beec7832aff0e44097ef1136","permalink":"http://mchi.mcgill.ca/decision-modeling-lab/publication/russell-2020-d/","publishdate":"2022-04-02T00:36:49.571588Z","relpermalink":"/decision-modeling-lab/publication/russell-2020-d/","section":"publication","summary":"New COVID-19 transmission from arriving travelers represent a major risk. Countries have used various risk mitigation strategies, including travel bans and mandatory quarantine and testing. We developed a mathematical simulation to evaluate the effectiveness of quarantine and testing, alone and in combination, across a variety of scenarios. We found that quarantine was more effective than testing alone, even for quarantine as short as two days, and the value of adding testing to quarantine diminished for longer quarantine durations. Testing was most effective if performed near the end of quarantine, but testing upon arrival may be more effective in situations where compliance with later testing cannot be enforced. Compliance of travelers and the percent of infections that were asymptomatic greatly influenced policy effectiveness. ### Competing Interest Statement The authors have declared no competing interest. ### Funding Statement No funding specific to this publication was received. WAR was supported by a Stanford Interdisciplinary Graduate Fellowship; DLB was supported by a Canada Research Chair in Health Informatics and Data Science. ### Author Declarations I confirm all relevant ethical guidelines have been followed, and any necessary IRB and/or ethics committee approvals have been obtained. Yes The details of the IRB/oversight body that provided approval or exemption for the research described are given below: This analysis was based on public data and was exempt from institutional ethics review. All necessary patient/participant consent has been obtained and the appropriate institutional forms have been archived. Yes I understand that all clinical trials and any other prospective interventional studies must be registered with an ICMJE-approved registry, such as ClinicalTrials.gov. I confirm that any such study reported in the manuscript has been registered and the trial registration ID is provided (note: if posting a prospective study registered retrospectively, please provide a statement in the trial ID field explaining why the study was not registered in advance). Yes I have followed all appropriate research reporting guidelines and uploaded the relevant EQUATOR Network research reporting checklist(s) and other pertinent material as supplementary files, if applicable. Yes All data and materials have been uploaded to a public repository. textlesshttps://doi.org/10.5281/zenodo.4107124textgreater","tags":null,"title":"Effectiveness of quarantine and testing to prevent COVID-19 transmission from arriving travelers","type":"publication"},{"authors":["W. Alton Russell","David Scheinker","Scott M. Sutherland"],"categories":null,"content":"","date":1601510400,"expirydate":-62135596800,"kind":"page","lang":"en","lastmod":1601510400,"objectID":"9e5599772b01e56c6c6a5296640c98bc","permalink":"http://mchi.mcgill.ca/decision-modeling-lab/publication/russell-2020-c/","publishdate":"2022-04-02T00:36:49.585628Z","relpermalink":"/decision-modeling-lab/publication/russell-2020-c/","section":"publication","summary":"Background: Current consensus definition for acute kidney injury (AKI) does not specify how baseline serum creatinine should be determined. We assessed how baseline determination impacted AKI incidence and association between AKI and clinical outcomes. Methods: We retrospectively applied empirical (measured serum creatinine) and imputed (age/height) baseline estimation methods to pediatric patients discharged between 2014 and 2019 from an academic hospital. Using each method, we estimated AKI incidence and assessed area under ROC curve (AUROC) for AKI as a predictor of three clinical outcomes: application of AKI billing code (proxy for more clinically overt disease), inpatient mortality, and post-hospitalization chronic kidney disease. Results: Incidence was highly variable across baseline methods (12.2–26.7%). Incidence was highest when lowest pre-admission creatinine was used if available and Schwartz bedside equation was used to impute one otherwise. AKI was more predictive of application of an AKI billing code when baseline was imputed universally, regardless of pre-admission values (AUROC 80.7–84.9%) than with any empirical approach (AUROC 64.5–76.6%). AKI was predictive of post-hospitalization CKD when using universal imputation baseline methods (AUROC 67.0–74.6%); AKI was not strongly predictive of post-hospitalization CKD when using empirical baseline methods (AUROC 46.4–58.5%). Baseline determination method did not affect the association between AKI and inpatient mortality. Conclusions: Method of baseline determination influences AKI incidence and association between AKI and clinical outcomes, illustrating the need for standard criteria. Imputing baseline for all patients, even when preadmission creatinine is available, may identify a more clinically relevant subset of the disease.","tags":["AKI","Acute kidney injury","Children","Epidemiology","Serum creatinine"],"title":"Baseline creatinine determination method impacts association between acute kidney injury and clinical outcomes","type":"publication"},{"authors":["Jonathon R. Campbell","Aashna Uppal","Olivia Oxlade","Federica Fregonese","Mayara Lisboa Bastos","Zhiyi Lan","Stephanie Law","Chi Eun Oh","W. Alton Russell","Giorgia Sulis","Nicholas Winters","Mercedes Yanes-Lane","Marc Brisson","Sonia Laszlo","Timothy G. Evans","Dick Menzies"],"categories":null,"content":"","date":1577836800,"expirydate":-62135596800,"kind":"page","lang":"en","lastmod":1577836800,"objectID":"c86cfd44f13be9d53438e6f759f94a48","permalink":"http://mchi.mcgill.ca/decision-modeling-lab/publication/campbell-2020/","publishdate":"2022-04-02T00:36:49.516218Z","relpermalink":"/decision-modeling-lab/publication/campbell-2020/","section":"publication","summary":"BACKGROUND: Testing for severe acute respiratory syndrome coronavirus 2 (SARS-CoV-2) is largely passive, which impedes epidemic control. We defined active testing strategies for SARS-CoV-2 using reverse transcription polymerase chain reaction (RT-PCR) for groups at increased risk of acquiring SARS-CoV-2 in all Canadian provinces. METHODS: We identified 5 groups who should be prioritized for active RT-PCR testing: contacts of people who are positive for SARS-CoV-2, and 4 at-risk populations - hospital employees, community health care workers and people in long-term care facilities, essential business employees, and schoolchildren and staff. We estimated costs, human resources and laboratory capacity required to test people in each group or to perform surveillance testing in random samples. RESULTS: During July 8-17, 2020, across all provinces in Canada, an average of 41 751 RT-PCR tests were performed daily; we estimated this required 5122 personnel and cost $2.4 million per day ($67.8 million per month). Systematic contact tracing and testing would increase personnel needs 1.2-fold and monthly costs to $78.9 million. Conducted over a month, testing all hospital employees would require 1823 additional personnel, costing $29.0 million; testing all community health care workers and persons in long-term care facilities would require 11 074 additional personnel and cost $124.8 million; and testing all essential employees would cost $321.7 million, requiring 25 965 added personnel. Testing the larger population within schools over 6 weeks would require 46 368 added personnel and cost $816.0 million. Interventions addressing inefficiencies, including saliva-based sampling and pooling samples, could reduce costs by 40% and personnel by 20%. Surveillance testing in population samples other than contacts would cost 5% of the cost of a universal approach to testing at-risk populations. INTERPRETATION: Active testing of groups at increased risk of acquiring SARS-CoV-2 appears feasible and would support the safe reopening of the economy and schools more broadly. This strategy also appears affordable compared with the $169.2 billion committed by the federal government as a response to the pandemic as of June 2020.","tags":null,"title":"Active testing of groups at increased risk of acquiring SARS-CoV-2 in Canada: Costs and human resource needs","type":"publication"},{"authors":["Jessica X. Yu","W. Alton Russell","Ravishankar Asokkumar","Tonya Kaltenbach","Roy Soetikno"],"categories":null,"content":"","date":1577836800,"expirydate":-62135596800,"kind":"page","lang":"en","lastmod":1577836800,"objectID":"8b9b7a98bd4be3aacfb68d694bc85836","permalink":"http://mchi.mcgill.ca/decision-modeling-lab/publication/yu-2020/","publishdate":"2022-04-02T00:36:49.521205Z","relpermalink":"/decision-modeling-lab/publication/yu-2020/","section":"publication","summary":"Clipping over the scope (C-OTS) is a novel closure technique used for the treatment of nonvariceal gastrointestinal bleeding, especially for high-risk lesions. C-OTS devices cost more than clipping through the scope and thermal devices. The high upfront cost of C-OTS may pose a barrier to its use and the cost-effectiveness of C-OTS for peptic ulcer disease bleeding is unknown. Cost-effectiveness studies of C-OTS for peptic ulcer bleeding as both first-line and second-line therapy can provide the current estimate of the conditions in which the use of C-OTS is cost-effective and give insights of the determinants to the cost-effectiveness of C-OTS.","tags":["Clipping over the scope","Clipping through the scope","Peptic ulcer disease","Thermal devices"],"title":"Clipping over the scope for recurrent peptic ulcer bleeding is cost-effective as compared to standard therapy: An initial assessment","type":"publication"},{"authors":["Jessica X. Yu","W. Alton Russell","Jack H. Ching","Nathan Kim","Eran Bendavid","Douglas K. Owens","Tonya Kaltenbach"],"categories":null,"content":"","date":1551398400,"expirydate":-62135596800,"kind":"page","lang":"en","lastmod":1551398400,"objectID":"3ff3ffbada6faf79795ca66f1b7c21dd","permalink":"http://mchi.mcgill.ca/decision-modeling-lab/publication/yu-2019/","publishdate":"2022-04-02T00:36:49.581561Z","relpermalink":"/decision-modeling-lab/publication/yu-2019/","section":"publication","summary":"Background \u0026 Aims: Complex benign rectal polyps can be managed with transanal surgery or with endoscopic resection (ER). Though the complication rate after ER is lower than transanal surgery, recurrence is higher. Patients lost to follow up after ER might therefore be at increased risk for rectal cancer. We evaluated the costs, benefits, and cost effectiveness of ER compared to 2 surgical techniques for removing complex rectal polyps, using a 50-year time horizon—this allowed us to capture rates of cancer development among patients lost from follow-up surveillance. Methods: We created a Markov model to simulate the lifetime outcomes and costs of ER, transanal endoscopic microsurgery (TEM), and transanal minimally invasive surgery (TAMIS) for the management of a complex benign rectal polyp. We assessed the effect of surveillance by allowing a portion of the patients to be lost to follow up. We calculated the cost, quality-adjusted life years (QALYs), and incremental cost-effectiveness ratio or each intervention over a 50-year time horizon. Results: We found that TEM was slightly more effective than TAMIS and ER (TEM, 19.54 QALYs; TAMIS, 19.53 QALYs; and ER, 19.53 QALYs), but ER had a lower lifetime discounted cost (ER cost $7161, TEM cost $10,459, and TAMIS cost $11,253). TEM was not cost effective compared to ER, with an incremental cost-effectiveness ratio of $485,333/QALY. TAMIS was dominated by TEM. TEM became cost effective when the mortality from ER exceeded 0.63%, or if the loss to follow up rate exceeded 25.5%. Conclusions: Using a Markov model, we found that ER, TEM, and TAMIS have similar effectiveness, but ER is less expensive, in management of benign rectal polyps. As the rate of loss to follow up increases, transanal surgery becomes more effective relative to ER.","tags":["Adenoma","Endoscopy","ICER","Polypectomy"],"title":"Cost effectiveness of endoscopic resection vs transanal resection of complex benign rectal polyps","type":"publication"},{"authors":["W. Alton Russell","Susan L. Stramer","Michael P. Busch","Brian Custer"],"categories":null,"content":"","date":1546300800,"expirydate":-62135596800,"kind":"page","lang":"en","lastmod":1546300800,"objectID":"1a8b85a1d713ed44d87b5926a6c6dfad","permalink":"http://mchi.mcgill.ca/decision-modeling-lab/publication/russell-2019/","publishdate":"2022-04-02T00:36:49.555629Z","relpermalink":"/decision-modeling-lab/publication/russell-2019/","section":"publication","summary":"Background: In 2016, universal individual donation nucleic acid testing (ID-NAT) of donated blood for Zika virus began in U.S. states and territories. Objective: To assess the cost-effectiveness of universal ID-NAT in the first year of screening compared with alternatives for the 50 states and separately for Puerto Rico. Design: Microsimulation that captured Zika-related harms to transfusion recipients, sexual partners, and their infants. Data Sources: National testing results compiled by AABB and costs, utilities, and outcome probabilities estimated from the literature. Target Population: Transfusion recipients. Time Horizon: Lifetime. Perspective: Societal. Intervention: Universal ID-NAT, universal mini-pool NAT (MP-NAT), and ID-NAT exclusively for components transfused to women of childbearing age. Seasonally targeted strategies in Puerto Rico and geographically targeted strategies in the 50 states were also considered. Outcome Measures: Costs, quality-adjusted life-years (QALYs), and outcomes. Results of Base-Case Analysis: In Puerto Rico, MP-NAT exclusively during high mosquito season was cost-effective at $81 123 per QALY (95% CI, $49 138 to $978 242 per QALY). No screening policy was cost-effective in the 50 states. Universal ID-NAT cost $341 million per QALY (CI, $125 million to $2.90 billion per QALY) compared with no screening in the 50 states. Results of Sensitivity Analysis: In Puerto Rico, MP-NAT only during the season of high mosquito activity was most cost-effective in 64% of probabilistic sensitivity analysis iterations. In the 50 states, no intervention was cost-effective in 99.99% of iterations. Cost-effectiveness was highly dependent on the rate of assumed infectious donations. Limitation: Data were limited on the component-specific trans-missibility of Zika and long-term sequelae of infection. Conclusion: Screening was cost-effective only in the high mosquito season in Puerto Rico, and no evaluated screening policy was cost-effective in the 50 states. During periods with lower rates of Zika-infectious donations, the cost-effectiveness of screening will be even less favorable. Primary Funding Source: None.","tags":["arterial","blood supply","cost effectiveness","puerto rico","transfusion","vascular flow","vascular network","zika virus","economic evaluation","blood safety"],"title":"Screening the blood supply for Zika virus in the 50 U.S. States and Puerto Rico: A cost-effectiveness analysis","type":"publication"},{"authors":null,"categories":null,"content":"","date":1461715200,"expirydate":-62135596800,"kind":"page","lang":"en","lastmod":1461715200,"objectID":"d1311ddf745551c9e117aa4bb7e28516","permalink":"http://mchi.mcgill.ca/decision-modeling-lab/project/external-project/","publishdate":"2016-04-27T00:00:00Z","relpermalink":"/decision-modeling-lab/project/external-project/","section":"project","summary":"An example of linking directly to an external project website using `external_link`.","tags":["Demo"],"title":"External Project","type":"project"},{"authors":null,"categories":null,"content":"Lorem ipsum dolor sit amet, consectetur adipiscing elit. Duis posuere tellus ac convallis placerat. Proin tincidunt magna sed ex sollicitudin condimentum. Sed ac faucibus dolor, scelerisque sollicitudin nisi. Cras purus urna, suscipit quis sapien eu, pulvinar tempor diam. Quisque risus orci, mollis id ante sit amet, gravida egestas nisl. Sed ac tempus magna. Proin in dui enim. Donec condimentum, sem id dapibus fringilla, tellus enim condimentum arcu, nec volutpat est felis vel metus. Vestibulum sit amet erat at nulla eleifend gravida.\nNullam vel molestie justo. Curabitur vitae efficitur leo. In hac habitasse platea dictumst. Sed pulvinar mauris dui, eget varius purus congue ac. Nulla euismod, lorem vel elementum dapibus, nunc justo porta mi, sed tempus est est vel tellus. Nam et enim eleifend, laoreet sem sit amet, elementum sem. Morbi ut leo congue, maximus velit ut, finibus arcu. In et libero cursus, rutrum risus non, molestie leo. Nullam congue quam et volutpat malesuada. Sed risus tortor, pulvinar et dictum nec, sodales non mi. Phasellus lacinia commodo laoreet. Nam mollis, erat in feugiat consectetur, purus eros egestas tellus, in auctor urna odio at nibh. Mauris imperdiet nisi ac magna convallis, at rhoncus ligula cursus.\nCras aliquam rhoncus ipsum, in hendrerit nunc mattis vitae. Duis vitae efficitur metus, ac tempus leo. Cras nec fringilla lacus. Quisque sit amet risus at ipsum pharetra commodo. Sed aliquam mauris at consequat eleifend. Praesent porta, augue sed viverra bibendum, neque ante euismod ante, in vehicula justo lorem ac eros. Suspendisse augue libero, venenatis eget tincidunt ut, malesuada at lorem. Donec vitae bibendum arcu. Aenean maximus nulla non pretium iaculis. Quisque imperdiet, nulla in pulvinar aliquet, velit quam ultrices quam, sit amet fringilla leo sem vel nunc. Mauris in lacinia lacus.\nSuspendisse a tincidunt lacus. Curabitur at urna sagittis, dictum ante sit amet, euismod magna. Sed rutrum massa id tortor commodo, vitae elementum turpis tempus. Lorem ipsum dolor sit amet, consectetur adipiscing elit. Aenean purus turpis, venenatis a ullamcorper nec, tincidunt et massa. Integer posuere quam rutrum arcu vehicula imperdiet. Mauris ullamcorper quam vitae purus congue, quis euismod magna eleifend. Vestibulum semper vel augue eget tincidunt. Fusce eget justo sodales, dapibus odio eu, ultrices lorem. Duis condimentum lorem id eros commodo, in facilisis mauris scelerisque. Morbi sed auctor leo. Nullam volutpat a lacus quis pharetra. Nulla congue rutrum magna a ornare.\nAliquam in turpis accumsan, malesuada nibh ut, hendrerit justo. Cum sociis natoque penatibus et magnis dis parturient montes, nascetur ridiculus mus. Quisque sed erat nec justo posuere suscipit. Donec ut efficitur arcu, in malesuada neque. Nunc dignissim nisl massa, id vulputate nunc pretium nec. Quisque eget urna in risus suscipit ultricies. Pellentesque odio odio, tincidunt in eleifend sed, posuere a diam. Nam gravida nisl convallis semper elementum. Morbi vitae felis faucibus, vulputate orci placerat, aliquet nisi. Aliquam erat volutpat. Maecenas sagittis pulvinar purus, sed porta quam laoreet at.\n","date":1461715200,"expirydate":-62135596800,"kind":"page","lang":"en","lastmod":1461715200,"objectID":"8f66d660a9a2edc2d08e68cc30f701f7","permalink":"http://mchi.mcgill.ca/decision-modeling-lab/project/internal-project/","publishdate":"2016-04-27T00:00:00Z","relpermalink":"/decision-modeling-lab/project/internal-project/","section":"project","summary":"An example of using the in-built project page.","tags":["Deep Learning"],"title":"Internal Project","type":"project"},{"authors":null,"categories":null,"content":"","date":-62135596800,"expirydate":-62135596800,"kind":"page","lang":"en","lastmod":-62135596800,"objectID":"f26b5133c34eec1aa0a09390a36c2ade","permalink":"http://mchi.mcgill.ca/decision-modeling-lab/admin/config.yml","publishdate":"0001-01-01T00:00:00Z","relpermalink":"/decision-modeling-lab/admin/config.yml","section":"","summary":"","tags":null,"title":"","type":"wowchemycms"}]