<?xml version="1.0" encoding="utf-8" standalone="yes" ?>
<rss version="2.0" xmlns:atom="http://www.w3.org/2005/Atom">
  <channel>
    <title>Decision Modeling Lab</title>
    <link>http://mchi.mcgill.ca/decision-modeling-lab/</link>
      <atom:link href="http://mchi.mcgill.ca/decision-modeling-lab/index.xml" rel="self" type="application/rss+xml" />
    <description>Decision Modeling Lab</description>
    <generator>Wowchemy (https://wowchemy.com)</generator><language>en-us</language><copyright>© 2022 by W. Alton Russell, PhD</copyright><lastBuildDate>Sat, 01 Jun 2030 13:00:00 +0000</lastBuildDate>
    <image>
      <url>http://mchi.mcgill.ca/decision-modeling-lab/media/icon_hu0efe56008ffd6c9df4c782497badffad_45333_512x512_fill_lanczos_center_3.png</url>
      <title>Decision Modeling Lab</title>
      <link>http://mchi.mcgill.ca/decision-modeling-lab/</link>
    </image>
    
    <item>
      <title>Example Talk</title>
      <link>http://mchi.mcgill.ca/decision-modeling-lab/talk/example-talk/</link>
      <pubDate>Sat, 01 Jun 2030 13:00:00 +0000</pubDate>
      <guid>http://mchi.mcgill.ca/decision-modeling-lab/talk/example-talk/</guid>
      <description>&lt;div class=&#34;alert alert-note&#34;&gt;
  &lt;div&gt;
    Click on the &lt;strong&gt;Slides&lt;/strong&gt; button above to view the built-in slides feature.
  &lt;/div&gt;
&lt;/div&gt;
&lt;p&gt;Slides can be added in a few ways:&lt;/p&gt;
&lt;ul&gt;
&lt;li&gt;&lt;strong&gt;Create&lt;/strong&gt; slides using Wowchemy&amp;rsquo;s &lt;a href=&#34;https://wowchemy.com/docs/managing-content/#create-slides&#34; target=&#34;_blank&#34; rel=&#34;noopener&#34;&gt;&lt;em&gt;Slides&lt;/em&gt;&lt;/a&gt; feature and link using &lt;code&gt;slides&lt;/code&gt; parameter in the front matter of the talk file&lt;/li&gt;
&lt;li&gt;&lt;strong&gt;Upload&lt;/strong&gt; an existing slide deck to &lt;code&gt;static/&lt;/code&gt; and link using &lt;code&gt;url_slides&lt;/code&gt; parameter in the front matter of the talk file&lt;/li&gt;
&lt;li&gt;&lt;strong&gt;Embed&lt;/strong&gt; your slides (e.g. Google Slides) or presentation video on this page using &lt;a href=&#34;https://wowchemy.com/docs/writing-markdown-latex/&#34; target=&#34;_blank&#34; rel=&#34;noopener&#34;&gt;shortcodes&lt;/a&gt;.&lt;/li&gt;
&lt;/ul&gt;
&lt;p&gt;Further event details, including &lt;a href=&#34;https://wowchemy.com/docs/writing-markdown-latex/&#34; target=&#34;_blank&#34; rel=&#34;noopener&#34;&gt;page elements&lt;/a&gt; such as image galleries, can be added to the body of this page.&lt;/p&gt;
</description>
    </item>
    
    <item>
      <title>Individualized risk trajectories for iron-related adverse outcomes in repeat blood donors</title>
      <link>http://mchi.mcgill.ca/decision-modeling-lab/publication/russell-2022/</link>
      <pubDate>Sat, 01 Jan 2022 00:00:00 +0000</pubDate>
      <guid>http://mchi.mcgill.ca/decision-modeling-lab/publication/russell-2022/</guid>
      <description></description>
    </item>
    
    <item>
      <title>Optimal portfolios of blood safety interventions: test, defer or modify?</title>
      <link>http://mchi.mcgill.ca/decision-modeling-lab/publication/russell-2021-e/</link>
      <pubDate>Mon, 01 Mar 2021 00:00:00 +0000</pubDate>
      <guid>http://mchi.mcgill.ca/decision-modeling-lab/publication/russell-2021-e/</guid>
      <description></description>
    </item>
    
    <item>
      <title>Factors driving availability of COVID‐19 convalescent plasma: Insights from a demand, production, and supply model</title>
      <link>http://mchi.mcgill.ca/decision-modeling-lab/publication/russell-2021-c/</link>
      <pubDate>Mon, 01 Feb 2021 00:00:00 +0000</pubDate>
      <guid>http://mchi.mcgill.ca/decision-modeling-lab/publication/russell-2021-c/</guid>
      <description></description>
    </item>
    
    <item>
      <title>Cost-effectiveness and budget impact of whole blood pathogen reduction in Ghana</title>
      <link>http://mchi.mcgill.ca/decision-modeling-lab/publication/russell-2021-h/</link>
      <pubDate>Fri, 01 Jan 2021 00:00:00 +0000</pubDate>
      <guid>http://mchi.mcgill.ca/decision-modeling-lab/publication/russell-2021-h/</guid>
      <description></description>
    </item>
    
    <item>
      <title>Estimating the effect of discontinuing universal screening of donated blood for Zika virus in the 50 U.S. states</title>
      <link>http://mchi.mcgill.ca/decision-modeling-lab/publication/russell-2021-b/</link>
      <pubDate>Fri, 01 Jan 2021 00:00:00 +0000</pubDate>
      <guid>http://mchi.mcgill.ca/decision-modeling-lab/publication/russell-2021-b/</guid>
      <description></description>
    </item>
    
    <item>
      <title>Effectiveness of quarantine and testing to prevent COVID-19 transmission from arriving travelers</title>
      <link>http://mchi.mcgill.ca/decision-modeling-lab/publication/russell-2020-d/</link>
      <pubDate>Sun, 01 Nov 2020 00:00:00 +0000</pubDate>
      <guid>http://mchi.mcgill.ca/decision-modeling-lab/publication/russell-2020-d/</guid>
      <description></description>
    </item>
    
    <item>
      <title>Baseline creatinine determination method impacts association between acute kidney injury and clinical outcomes</title>
      <link>http://mchi.mcgill.ca/decision-modeling-lab/publication/russell-2020-c/</link>
      <pubDate>Thu, 01 Oct 2020 00:00:00 +0000</pubDate>
      <guid>http://mchi.mcgill.ca/decision-modeling-lab/publication/russell-2020-c/</guid>
      <description></description>
    </item>
    
    <item>
      <title>Active testing of groups at increased risk of acquiring SARS-CoV-2 in Canada: Costs and human resource needs</title>
      <link>http://mchi.mcgill.ca/decision-modeling-lab/publication/campbell-2020/</link>
      <pubDate>Wed, 01 Jan 2020 00:00:00 +0000</pubDate>
      <guid>http://mchi.mcgill.ca/decision-modeling-lab/publication/campbell-2020/</guid>
      <description></description>
    </item>
    
    <item>
      <title>Clipping over the scope for recurrent peptic ulcer bleeding is cost-effective as compared to standard therapy: An initial assessment</title>
      <link>http://mchi.mcgill.ca/decision-modeling-lab/publication/yu-2020/</link>
      <pubDate>Wed, 01 Jan 2020 00:00:00 +0000</pubDate>
      <guid>http://mchi.mcgill.ca/decision-modeling-lab/publication/yu-2020/</guid>
      <description></description>
    </item>
    
    <item>
      <title>Cost effectiveness of endoscopic resection vs transanal resection of complex benign rectal polyps</title>
      <link>http://mchi.mcgill.ca/decision-modeling-lab/publication/yu-2019/</link>
      <pubDate>Fri, 01 Mar 2019 00:00:00 +0000</pubDate>
      <guid>http://mchi.mcgill.ca/decision-modeling-lab/publication/yu-2019/</guid>
      <description></description>
    </item>
    
    <item>
      <title>Screening the blood supply for Zika virus in the 50 U.S. States and Puerto Rico: A cost-effectiveness analysis</title>
      <link>http://mchi.mcgill.ca/decision-modeling-lab/publication/russell-2019/</link>
      <pubDate>Tue, 01 Jan 2019 00:00:00 +0000</pubDate>
      <guid>http://mchi.mcgill.ca/decision-modeling-lab/publication/russell-2019/</guid>
      <description></description>
    </item>
    
    <item>
      <title>Privacy Policy</title>
      <link>http://mchi.mcgill.ca/decision-modeling-lab/privacy/</link>
      <pubDate>Thu, 28 Jun 2018 00:00:00 +0100</pubDate>
      <guid>http://mchi.mcgill.ca/decision-modeling-lab/privacy/</guid>
      <description>&lt;p&gt;&amp;hellip;&lt;/p&gt;
</description>
    </item>
    
    <item>
      <title>Terms</title>
      <link>http://mchi.mcgill.ca/decision-modeling-lab/terms/</link>
      <pubDate>Thu, 28 Jun 2018 00:00:00 +0100</pubDate>
      <guid>http://mchi.mcgill.ca/decision-modeling-lab/terms/</guid>
      <description>&lt;p&gt;&amp;hellip;&lt;/p&gt;
</description>
    </item>
    
    <item>
      <title>External Project</title>
      <link>http://mchi.mcgill.ca/decision-modeling-lab/project/external-project/</link>
      <pubDate>Wed, 27 Apr 2016 00:00:00 +0000</pubDate>
      <guid>http://mchi.mcgill.ca/decision-modeling-lab/project/external-project/</guid>
      <description></description>
    </item>
    
    <item>
      <title>Internal Project</title>
      <link>http://mchi.mcgill.ca/decision-modeling-lab/project/internal-project/</link>
      <pubDate>Wed, 27 Apr 2016 00:00:00 +0000</pubDate>
      <guid>http://mchi.mcgill.ca/decision-modeling-lab/project/internal-project/</guid>
      <description>&lt;p&gt;Lorem ipsum dolor sit amet, consectetur adipiscing elit. Duis posuere tellus ac convallis placerat. Proin tincidunt magna sed ex sollicitudin condimentum. Sed ac faucibus dolor, scelerisque sollicitudin nisi. Cras purus urna, suscipit quis sapien eu, pulvinar tempor diam. Quisque risus orci, mollis id ante sit amet, gravida egestas nisl. Sed ac tempus magna. Proin in dui enim. Donec condimentum, sem id dapibus fringilla, tellus enim condimentum arcu, nec volutpat est felis vel metus. Vestibulum sit amet erat at nulla eleifend gravida.&lt;/p&gt;
&lt;p&gt;Nullam vel molestie justo. Curabitur vitae efficitur leo. In hac habitasse platea dictumst. Sed pulvinar mauris dui, eget varius purus congue ac. Nulla euismod, lorem vel elementum dapibus, nunc justo porta mi, sed tempus est est vel tellus. Nam et enim eleifend, laoreet sem sit amet, elementum sem. Morbi ut leo congue, maximus velit ut, finibus arcu. In et libero cursus, rutrum risus non, molestie leo. Nullam congue quam et volutpat malesuada. Sed risus tortor, pulvinar et dictum nec, sodales non mi. Phasellus lacinia commodo laoreet. Nam mollis, erat in feugiat consectetur, purus eros egestas tellus, in auctor urna odio at nibh. Mauris imperdiet nisi ac magna convallis, at rhoncus ligula cursus.&lt;/p&gt;
&lt;p&gt;Cras aliquam rhoncus ipsum, in hendrerit nunc mattis vitae. Duis vitae efficitur metus, ac tempus leo. Cras nec fringilla lacus. Quisque sit amet risus at ipsum pharetra commodo. Sed aliquam mauris at consequat eleifend. Praesent porta, augue sed viverra bibendum, neque ante euismod ante, in vehicula justo lorem ac eros. Suspendisse augue libero, venenatis eget tincidunt ut, malesuada at lorem. Donec vitae bibendum arcu. Aenean maximus nulla non pretium iaculis. Quisque imperdiet, nulla in pulvinar aliquet, velit quam ultrices quam, sit amet fringilla leo sem vel nunc. Mauris in lacinia lacus.&lt;/p&gt;
&lt;p&gt;Suspendisse a tincidunt lacus. Curabitur at urna sagittis, dictum ante sit amet, euismod magna. Sed rutrum massa id tortor commodo, vitae elementum turpis tempus. Lorem ipsum dolor sit amet, consectetur adipiscing elit. Aenean purus turpis, venenatis a ullamcorper nec, tincidunt et massa. Integer posuere quam rutrum arcu vehicula imperdiet. Mauris ullamcorper quam vitae purus congue, quis euismod magna eleifend. Vestibulum semper vel augue eget tincidunt. Fusce eget justo sodales, dapibus odio eu, ultrices lorem. Duis condimentum lorem id eros commodo, in facilisis mauris scelerisque. Morbi sed auctor leo. Nullam volutpat a lacus quis pharetra. Nulla congue rutrum magna a ornare.&lt;/p&gt;
&lt;p&gt;Aliquam in turpis accumsan, malesuada nibh ut, hendrerit justo. Cum sociis natoque penatibus et magnis dis parturient montes, nascetur ridiculus mus. Quisque sed erat nec justo posuere suscipit. Donec ut efficitur arcu, in malesuada neque. Nunc dignissim nisl massa, id vulputate nunc pretium nec. Quisque eget urna in risus suscipit ultricies. Pellentesque odio odio, tincidunt in eleifend sed, posuere a diam. Nam gravida nisl convallis semper elementum. Morbi vitae felis faucibus, vulputate orci placerat, aliquet nisi. Aliquam erat volutpat. Maecenas sagittis pulvinar purus, sed porta quam laoreet at.&lt;/p&gt;
</description>
    </item>
    
    <item>
      <title></title>
      <link>http://mchi.mcgill.ca/decision-modeling-lab/admin/config.yml</link>
      <pubDate>Mon, 01 Jan 0001 00:00:00 +0000</pubDate>
      <guid>http://mchi.mcgill.ca/decision-modeling-lab/admin/config.yml</guid>
      <description></description>
    </item>
    
  </channel>
</rss>
