<?xml version="1.0" encoding="utf-8" standalone="yes" ?>
<rss version="2.0" xmlns:atom="http://www.w3.org/2005/Atom">
  <channel>
    <title>W. Alton Russell | Decision Modeling Lab</title>
    <link>http://mchi.mcgill.ca/decision-modeling-lab/author/w.-alton-russell/</link>
      <atom:link href="http://mchi.mcgill.ca/decision-modeling-lab/author/w.-alton-russell/index.xml" rel="self" type="application/rss+xml" />
    <description>W. Alton Russell</description>
    <generator>Wowchemy (https://wowchemy.com)</generator><language>en-us</language><copyright>© 2022 by W. Alton Russell, PhD</copyright><lastBuildDate>Sat, 01 Jan 2022 00:00:00 +0000</lastBuildDate>
    <image>
      <url>http://mchi.mcgill.ca/decision-modeling-lab/media/icon_hu0efe56008ffd6c9df4c782497badffad_45333_512x512_fill_lanczos_center_3.png</url>
      <title>W. Alton Russell</title>
      <link>http://mchi.mcgill.ca/decision-modeling-lab/author/w.-alton-russell/</link>
    </image>
    
    <item>
      <title>Individualized risk trajectories for iron-related adverse outcomes in repeat blood donors</title>
      <link>http://mchi.mcgill.ca/decision-modeling-lab/publication/russell-2022/</link>
      <pubDate>Sat, 01 Jan 2022 00:00:00 +0000</pubDate>
      <guid>http://mchi.mcgill.ca/decision-modeling-lab/publication/russell-2022/</guid>
      <description></description>
    </item>
    
    <item>
      <title>Optimal portfolios of blood safety interventions: test, defer or modify?</title>
      <link>http://mchi.mcgill.ca/decision-modeling-lab/publication/russell-2021-e/</link>
      <pubDate>Mon, 01 Mar 2021 00:00:00 +0000</pubDate>
      <guid>http://mchi.mcgill.ca/decision-modeling-lab/publication/russell-2021-e/</guid>
      <description></description>
    </item>
    
    <item>
      <title>Factors driving availability of COVID‐19 convalescent plasma: Insights from a demand, production, and supply model</title>
      <link>http://mchi.mcgill.ca/decision-modeling-lab/publication/russell-2021-c/</link>
      <pubDate>Mon, 01 Feb 2021 00:00:00 +0000</pubDate>
      <guid>http://mchi.mcgill.ca/decision-modeling-lab/publication/russell-2021-c/</guid>
      <description></description>
    </item>
    
    <item>
      <title>Cost-effectiveness and budget impact of whole blood pathogen reduction in Ghana</title>
      <link>http://mchi.mcgill.ca/decision-modeling-lab/publication/russell-2021-h/</link>
      <pubDate>Fri, 01 Jan 2021 00:00:00 +0000</pubDate>
      <guid>http://mchi.mcgill.ca/decision-modeling-lab/publication/russell-2021-h/</guid>
      <description></description>
    </item>
    
    <item>
      <title>Estimating the effect of discontinuing universal screening of donated blood for Zika virus in the 50 U.S. states</title>
      <link>http://mchi.mcgill.ca/decision-modeling-lab/publication/russell-2021-b/</link>
      <pubDate>Fri, 01 Jan 2021 00:00:00 +0000</pubDate>
      <guid>http://mchi.mcgill.ca/decision-modeling-lab/publication/russell-2021-b/</guid>
      <description></description>
    </item>
    
    <item>
      <title>Effectiveness of quarantine and testing to prevent COVID-19 transmission from arriving travelers</title>
      <link>http://mchi.mcgill.ca/decision-modeling-lab/publication/russell-2020-d/</link>
      <pubDate>Sun, 01 Nov 2020 00:00:00 +0000</pubDate>
      <guid>http://mchi.mcgill.ca/decision-modeling-lab/publication/russell-2020-d/</guid>
      <description></description>
    </item>
    
    <item>
      <title>Baseline creatinine determination method impacts association between acute kidney injury and clinical outcomes</title>
      <link>http://mchi.mcgill.ca/decision-modeling-lab/publication/russell-2020-c/</link>
      <pubDate>Thu, 01 Oct 2020 00:00:00 +0000</pubDate>
      <guid>http://mchi.mcgill.ca/decision-modeling-lab/publication/russell-2020-c/</guid>
      <description></description>
    </item>
    
    <item>
      <title>Active testing of groups at increased risk of acquiring SARS-CoV-2 in Canada: Costs and human resource needs</title>
      <link>http://mchi.mcgill.ca/decision-modeling-lab/publication/campbell-2020/</link>
      <pubDate>Wed, 01 Jan 2020 00:00:00 +0000</pubDate>
      <guid>http://mchi.mcgill.ca/decision-modeling-lab/publication/campbell-2020/</guid>
      <description></description>
    </item>
    
    <item>
      <title>Clipping over the scope for recurrent peptic ulcer bleeding is cost-effective as compared to standard therapy: An initial assessment</title>
      <link>http://mchi.mcgill.ca/decision-modeling-lab/publication/yu-2020/</link>
      <pubDate>Wed, 01 Jan 2020 00:00:00 +0000</pubDate>
      <guid>http://mchi.mcgill.ca/decision-modeling-lab/publication/yu-2020/</guid>
      <description></description>
    </item>
    
    <item>
      <title>Cost effectiveness of endoscopic resection vs transanal resection of complex benign rectal polyps</title>
      <link>http://mchi.mcgill.ca/decision-modeling-lab/publication/yu-2019/</link>
      <pubDate>Fri, 01 Mar 2019 00:00:00 +0000</pubDate>
      <guid>http://mchi.mcgill.ca/decision-modeling-lab/publication/yu-2019/</guid>
      <description></description>
    </item>
    
    <item>
      <title>Screening the blood supply for Zika virus in the 50 U.S. States and Puerto Rico: A cost-effectiveness analysis</title>
      <link>http://mchi.mcgill.ca/decision-modeling-lab/publication/russell-2019/</link>
      <pubDate>Tue, 01 Jan 2019 00:00:00 +0000</pubDate>
      <guid>http://mchi.mcgill.ca/decision-modeling-lab/publication/russell-2019/</guid>
      <description></description>
    </item>
    
  </channel>
</rss>
