<?xml version="1.0" encoding="utf-8" standalone="yes" ?>
<rss version="2.0" xmlns:atom="http://www.w3.org/2005/Atom">
  <channel>
    <title>Huzbah Jagirdar | Decision Modeling Lab</title>
    <link>http://mchi.mcgill.ca/decision-modeling-lab/author/huzbah-jagirdar/</link>
      <atom:link href="http://mchi.mcgill.ca/decision-modeling-lab/author/huzbah-jagirdar/index.xml" rel="self" type="application/rss+xml" />
    <description>Huzbah Jagirdar</description>
    <generator>Wowchemy (https://wowchemy.com)</generator><language>en-us</language><copyright>© 2022 by W. Alton Russell, PhD</copyright>
    <image>
      <url>http://mchi.mcgill.ca/decision-modeling-lab/author/huzbah-jagirdar/avatar_hu82313068d97c7c104fca376e894b147f_77101_270x270_fill_q75_lanczos_center.jpg</url>
      <title>Huzbah Jagirdar</title>
      <link>http://mchi.mcgill.ca/decision-modeling-lab/author/huzbah-jagirdar/</link>
    </image>
    
  </channel>
</rss>
