<?xml version="1.0" encoding="utf-8" standalone="yes" ?>
<rss version="2.0" xmlns:atom="http://www.w3.org/2005/Atom">
  <channel>
    <title>Chen-Yang Su | Decision Modeling Lab</title>
    <link>http://mchi.mcgill.ca/decision-modeling-lab/author/chen-yang-su/</link>
      <atom:link href="http://mchi.mcgill.ca/decision-modeling-lab/author/chen-yang-su/index.xml" rel="self" type="application/rss+xml" />
    <description>Chen-Yang Su</description>
    <generator>Wowchemy (https://wowchemy.com)</generator><language>en-us</language><copyright>© 2022 by W. Alton Russell, PhD</copyright>
    <image>
      <url>http://mchi.mcgill.ca/decision-modeling-lab/author/chen-yang-su/avatar_huc1ad2e904a9c9f6bfb8725a02650017b_43003_270x270_fill_q75_lanczos_center.jpg</url>
      <title>Chen-Yang Su</title>
      <link>http://mchi.mcgill.ca/decision-modeling-lab/author/chen-yang-su/</link>
    </image>
    
  </channel>
</rss>
