<?xml version="1.0" encoding="utf-8" standalone="yes" ?>
<rss version="2.0" xmlns:atom="http://www.w3.org/2005/Atom">
  <channel>
    <title>puerto rico | Decision Modeling Lab</title>
    <link>http://mchi.mcgill.ca/decision-modeling-lab/tag/puerto-rico/</link>
      <atom:link href="http://mchi.mcgill.ca/decision-modeling-lab/tag/puerto-rico/index.xml" rel="self" type="application/rss+xml" />
    <description>puerto rico</description>
    <generator>Wowchemy (https://wowchemy.com)</generator><language>en-us</language><copyright>© 2022 by W. Alton Russell, PhD</copyright><lastBuildDate>Tue, 01 Jan 2019 00:00:00 +0000</lastBuildDate>
    <image>
      <url>http://mchi.mcgill.ca/decision-modeling-lab/media/icon_hu0efe56008ffd6c9df4c782497badffad_45333_512x512_fill_lanczos_center_3.png</url>
      <title>puerto rico</title>
      <link>http://mchi.mcgill.ca/decision-modeling-lab/tag/puerto-rico/</link>
    </image>
    
    <item>
      <title>Screening the blood supply for Zika virus in the 50 U.S. States and Puerto Rico: A cost-effectiveness analysis</title>
      <link>http://mchi.mcgill.ca/decision-modeling-lab/publication/russell-2019/</link>
      <pubDate>Tue, 01 Jan 2019 00:00:00 +0000</pubDate>
      <guid>http://mchi.mcgill.ca/decision-modeling-lab/publication/russell-2019/</guid>
      <description></description>
    </item>
    
  </channel>
</rss>
