<?xml version="1.0" encoding="utf-8" standalone="yes" ?>
<rss version="2.0" xmlns:atom="http://www.w3.org/2005/Atom">
  <channel>
    <title>Yangyuru (Catherine) Liu | Decision Modeling Lab</title>
    <link>http://mchi.mcgill.ca/decision-modeling-lab/author/yangyuru-catherine-liu/</link>
      <atom:link href="http://mchi.mcgill.ca/decision-modeling-lab/author/yangyuru-catherine-liu/index.xml" rel="self" type="application/rss+xml" />
    <description>Yangyuru (Catherine) Liu</description>
    <generator>Wowchemy (https://wowchemy.com)</generator><language>en-us</language><copyright>© 2022 by W. Alton Russell, PhD</copyright>
    <image>
      <url>http://mchi.mcgill.ca/decision-modeling-lab/author/yangyuru-catherine-liu/avatar_hua6afa2fa226aea49eccdf97471c1ff36_16511_270x270_fill_q75_lanczos_center.jpg</url>
      <title>Yangyuru (Catherine) Liu</title>
      <link>http://mchi.mcgill.ca/decision-modeling-lab/author/yangyuru-catherine-liu/</link>
    </image>
    
  </channel>
</rss>
