<?xml version="1.0" encoding="utf-8" standalone="yes" ?>
<rss version="2.0" xmlns:atom="http://www.w3.org/2005/Atom">
  <channel>
    <title>Acute kidney injury | Decision Modeling Lab</title>
    <link>http://mchi.mcgill.ca/decision-modeling-lab/tag/acute-kidney-injury/</link>
      <atom:link href="http://mchi.mcgill.ca/decision-modeling-lab/tag/acute-kidney-injury/index.xml" rel="self" type="application/rss+xml" />
    <description>Acute kidney injury</description>
    <generator>Wowchemy (https://wowchemy.com)</generator><language>en-us</language><copyright>© 2022 by W. Alton Russell, PhD</copyright><lastBuildDate>Thu, 01 Oct 2020 00:00:00 +0000</lastBuildDate>
    <image>
      <url>http://mchi.mcgill.ca/decision-modeling-lab/media/icon_hu0efe56008ffd6c9df4c782497badffad_45333_512x512_fill_lanczos_center_3.png</url>
      <title>Acute kidney injury</title>
      <link>http://mchi.mcgill.ca/decision-modeling-lab/tag/acute-kidney-injury/</link>
    </image>
    
    <item>
      <title>Baseline creatinine determination method impacts association between acute kidney injury and clinical outcomes</title>
      <link>http://mchi.mcgill.ca/decision-modeling-lab/publication/russell-2020-c/</link>
      <pubDate>Thu, 01 Oct 2020 00:00:00 +0000</pubDate>
      <guid>http://mchi.mcgill.ca/decision-modeling-lab/publication/russell-2020-c/</guid>
      <description></description>
    </item>
    
  </channel>
</rss>
