<?xml version="1.0" encoding="utf-8" standalone="yes" ?>
<rss version="2.0" xmlns:atom="http://www.w3.org/2005/Atom">
  <channel>
    <title>Eduard Grebe | Decision Modeling Lab</title>
    <link>http://mchi.mcgill.ca/decision-modeling-lab/author/eduard-grebe/</link>
      <atom:link href="http://mchi.mcgill.ca/decision-modeling-lab/author/eduard-grebe/index.xml" rel="self" type="application/rss+xml" />
    <description>Eduard Grebe</description>
    <generator>Wowchemy (https://wowchemy.com)</generator><language>en-us</language><copyright>© 2022 by W. Alton Russell, PhD</copyright><lastBuildDate>Mon, 01 Feb 2021 00:00:00 +0000</lastBuildDate>
    <image>
      <url>http://mchi.mcgill.ca/decision-modeling-lab/media/icon_hu0efe56008ffd6c9df4c782497badffad_45333_512x512_fill_lanczos_center_3.png</url>
      <title>Eduard Grebe</title>
      <link>http://mchi.mcgill.ca/decision-modeling-lab/author/eduard-grebe/</link>
    </image>
    
    <item>
      <title>Factors driving availability of COVID‐19 convalescent plasma: Insights from a demand, production, and supply model</title>
      <link>http://mchi.mcgill.ca/decision-modeling-lab/publication/russell-2021-c/</link>
      <pubDate>Mon, 01 Feb 2021 00:00:00 +0000</pubDate>
      <guid>http://mchi.mcgill.ca/decision-modeling-lab/publication/russell-2021-c/</guid>
      <description></description>
    </item>
    
  </channel>
</rss>
