<?xml version="1.0" encoding="utf-8" standalone="yes" ?>
<rss version="2.0" xmlns:atom="http://www.w3.org/2005/Atom">
  <channel>
    <title>Tags | Decision Modeling Lab</title>
    <link>http://mchi.mcgill.ca/decision-modeling-lab/tags/</link>
      <atom:link href="http://mchi.mcgill.ca/decision-modeling-lab/tags/index.xml" rel="self" type="application/rss+xml" />
    <description>Tags</description>
    <generator>Wowchemy (https://wowchemy.com)</generator><language>en-us</language><copyright>© 2022 by W. Alton Russell, PhD</copyright><lastBuildDate>Mon, 01 Mar 2021 00:00:00 +0000</lastBuildDate>
    <image>
      <url>http://mchi.mcgill.ca/decision-modeling-lab/media/icon_hu0efe56008ffd6c9df4c782497badffad_45333_512x512_fill_lanczos_center_3.png</url>
      <title>Tags</title>
      <link>http://mchi.mcgill.ca/decision-modeling-lab/tags/</link>
    </image>
    
  </channel>
</rss>
