<?xml version="1.0" encoding="utf-8" standalone="yes" ?>
<rss version="2.0" xmlns:atom="http://www.w3.org/2005/Atom">
  <channel>
    <title>Demo | Decision Modeling Lab</title>
    <link>http://mchi.mcgill.ca/decision-modeling-lab/tag/demo/</link>
      <atom:link href="http://mchi.mcgill.ca/decision-modeling-lab/tag/demo/index.xml" rel="self" type="application/rss+xml" />
    <description>Demo</description>
    <generator>Wowchemy (https://wowchemy.com)</generator><language>en-us</language><copyright>© 2022 by W. Alton Russell, PhD</copyright><lastBuildDate>Wed, 27 Apr 2016 00:00:00 +0000</lastBuildDate>
    <image>
      <url>http://mchi.mcgill.ca/decision-modeling-lab/media/icon_hu0efe56008ffd6c9df4c782497badffad_45333_512x512_fill_lanczos_center_3.png</url>
      <title>Demo</title>
      <link>http://mchi.mcgill.ca/decision-modeling-lab/tag/demo/</link>
    </image>
    
    <item>
      <title>External Project</title>
      <link>http://mchi.mcgill.ca/decision-modeling-lab/project/external-project/</link>
      <pubDate>Wed, 27 Apr 2016 00:00:00 +0000</pubDate>
      <guid>http://mchi.mcgill.ca/decision-modeling-lab/project/external-project/</guid>
      <description></description>
    </item>
    
  </channel>
</rss>
