<?xml version="1.0" encoding="utf-8" standalone="yes" ?>
<rss version="2.0" xmlns:atom="http://www.w3.org/2005/Atom">
  <channel>
    <title>FNHTR | Decision Modeling Lab</title>
    <link>http://mchi.mcgill.ca/decision-modeling-lab/tag/fnhtr/</link>
      <atom:link href="http://mchi.mcgill.ca/decision-modeling-lab/tag/fnhtr/index.xml" rel="self" type="application/rss+xml" />
    <description>FNHTR</description>
    <generator>Wowchemy (https://wowchemy.com)</generator><language>en-us</language><copyright>© 2022 by W. Alton Russell, PhD</copyright><lastBuildDate>Fri, 01 Jan 2021 00:00:00 +0000</lastBuildDate>
    <image>
      <url>http://mchi.mcgill.ca/decision-modeling-lab/media/icon_hu0efe56008ffd6c9df4c782497badffad_45333_512x512_fill_lanczos_center_3.png</url>
      <title>FNHTR</title>
      <link>http://mchi.mcgill.ca/decision-modeling-lab/tag/fnhtr/</link>
    </image>
    
    <item>
      <title>Cost-effectiveness and budget impact of whole blood pathogen reduction in Ghana</title>
      <link>http://mchi.mcgill.ca/decision-modeling-lab/publication/russell-2021-h/</link>
      <pubDate>Fri, 01 Jan 2021 00:00:00 +0000</pubDate>
      <guid>http://mchi.mcgill.ca/decision-modeling-lab/publication/russell-2021-h/</guid>
      <description></description>
    </item>
    
  </channel>
</rss>
